Participant,vocals,accompaniment,MusicExperience
1,60,60,1
2,52.38095238,47.36842105,1
3,64,60,1
4,57.89473684,76.19047619,1